"Epic","Feature","Story","FAILED","BROKEN","PASSED","SKIPPED","UNKNOWN"
"Regression Test","NonRepairBills","","0","1","0","26","0"
"","","","0","11","4","80","0"
"Regression Test","Login Test","","0","1","0","3","0"
"Regression Test","Create RO Test","","0","1","0","7","0"
"Regression Test","CounterSaleManager Test","","0","1","0","7","0"
"Regression Test","SetUpWorkRequired Test","","0","1","0","4","0"
"Regression Test","Service Manager Labor Test","","0","1","0","18","0"
"Regression Test","Unit Functionality Test","","0","1","0","5","0"
"Regression Test","Add/Remove Labour Test","","0","1","0","6","0"
"Regression Test","Customer Test","","0","1","0","4","0"
"Regression Test","Vendors Test","","0","1","0","4","0"
